{
    "Ar36": {
        "error": 0.00059726035551124648, 
        "fit": "Parabolic", 
        "value": 0.00071030431982618987
    }, 
    "Ar37": {
        "error": 0.049375403664786585, 
        "fit": "linear", 
        "value": 0.018466464001918311
    }, 
    "Ar38": {
        "error": 0.021643248539158277, 
        "fit": "linear", 
        "value": -0.018354455360476359
    }, 
    "Ar39": {
        "error": 0.051976752303060376, 
        "fit": "Parabolic", 
        "value": -0.10301268191835214
    }, 
    "Ar40": {
        "error": 0.044562912504634039, 
        "fit": "Parabolic", 
        "value": 0.10704846355090208
    }, 
    "Ar41": {
        "error": 0.10559241170488264, 
        "fit": "linear", 
        "value": -0.1968876181093665
    }
}