{
    "AX": {
        "error": 0.045587378651638526, 
        "fit": "average", 
        "value": -0.20496771529964777
    }, 
    "CDD": {
        "error": 4.166601414486739e-05, 
        "fit": "average", 
        "value": 1.251032153959386e-05
    }, 
    "H1": {
        "error": 0.03690111761675935, 
        "fit": "average", 
        "value": -0.04482686787529889
    }, 
    "H2": {
        "error": 0.09149182104553732, 
        "fit": "average", 
        "value": -0.19880426596829912
    }, 
    "L1": {
        "error": 0.018018518724545695, 
        "fit": "average", 
        "value": -0.024397307242028984
    }, 
    "L2": {
        "error": 0.04205628486635318, 
        "fit": "average", 
        "value": -0.024404616209533835
    }
}