{
    "AX": {
        "error": 0.04975722316020025, 
        "fit": "average", 
        "value": -0.1560789073588686
    }, 
    "CDD": {
        "error": 4.033805437117005e-05, 
        "fit": "average", 
        "value": 8.757225077715703e-06
    }, 
    "H1": {
        "error": 0.031094394596359258, 
        "fit": "average", 
        "value": -0.022862806194147246
    }, 
    "H2": {
        "error": 0.09861233905750871, 
        "fit": "average", 
        "value": 0.04335671895507561
    }, 
    "L1": {
        "error": 0.017015906427339873, 
        "fit": "average", 
        "value": -0.028977121337033042
    }, 
    "L2": {
        "error": 0.04469421070783134, 
        "fit": "average", 
        "value": -0.008729952597677443
    }
}