{
    "Ar36": {
        "error": 0.0015501685057404233, 
        "fit": "Linear", 
        "value": 0.016800779368885153
    }, 
    "Ar37": {
        "error": 0.054025295660475835, 
        "fit": "linear", 
        "value": 0.2479885494281773
    }, 
    "Ar38": {
        "error": 0.023412888685387798, 
        "fit": "linear", 
        "value": 0.76126606352915105
    }, 
    "Ar39": {
        "error": 0.074262957913388772, 
        "fit": "Linear", 
        "value": 64.667137903573604
    }, 
    "Ar40": {
        "error": 0.70549491922500962, 
        "fit": "Linear", 
        "value": 4007.0807167452913
    }, 
    "Ar41": {
        "error": 0.072274694502601877, 
        "fit": "Average", 
        "value": 0.21592282682943803
    }
}