{
    "Ar36": {
        "error": 0.00033318427663699883, 
        "filter_outliers": true, 
        "fit": "Parabolic", 
        "iterations": 1, 
        "std_devs": 2, 
        "value": 0.00528036249488589
    }, 
    "Ar37": {
        "error": 0.008868012781818382, 
        "filter_outliers": true, 
        "fit": "Linear", 
        "iterations": 1, 
        "std_devs": 2, 
        "value": 0.0926905942311
    }, 
    "Ar38": {
        "error": 0.003907334840223937, 
        "filter_outliers": true, 
        "fit": "Linear", 
        "iterations": 1, 
        "std_devs": 2, 
        "value": 0.21677596543804747
    }, 
    "Ar39": {
        "error": 0.02622428216836039, 
        "filter_outliers": true, 
        "fit": "Parabolic", 
        "iterations": 1, 
        "std_devs": 2, 
        "value": 21.17711962530221
    }, 
    "Ar40": {
        "error": 0.11799878035192382, 
        "filter_outliers": true, 
        "fit": "Parabolic", 
        "iterations": 1, 
        "std_devs": 2, 
        "value": 1318.7390455778104
    }, 
    "Ar41": {
        "error": 0.007866692189822925, 
        "filter_outliers": true, 
        "fit": "Average", 
        "iterations": 1, 
        "std_devs": 2, 
        "value": -0.1700837895511947
    }, 
    "reviewed": true
}