{
    "Ar36": {
        "error": 0.0003841347109469327, 
        "filter_outliers": true, 
        "fit": "Parabolic", 
        "iterations": 1, 
        "std_devs": 2, 
        "value": 0.008319266918218014
    }, 
    "Ar37": {
        "error": 0.008733348328371107, 
        "filter_outliers": true, 
        "fit": "Linear", 
        "iterations": 1, 
        "std_devs": 2, 
        "value": 0.09707944991497118
    }, 
    "Ar38": {
        "error": 0.004413573631843218, 
        "filter_outliers": true, 
        "fit": "Linear", 
        "iterations": 1, 
        "std_devs": 2, 
        "value": 0.24136199493724098
    }, 
    "Ar39": {
        "error": 0.026272256308054444, 
        "filter_outliers": true, 
        "fit": "Parabolic", 
        "iterations": 1, 
        "std_devs": 2, 
        "value": 21.8833116696496
    }, 
    "Ar40": {
        "error": 0.10652234501593719, 
        "filter_outliers": true, 
        "fit": "Parabolic", 
        "iterations": 1, 
        "std_devs": 2, 
        "value": 1361.8406101062724
    }, 
    "Ar41": {
        "error": 0.00799313017439571, 
        "filter_outliers": true, 
        "fit": "Average", 
        "iterations": 1, 
        "std_devs": 2, 
        "value": 0.1147133732378921
    }, 
    "reviewed": true
}