{
    "Ar36": {
        "error": 0.0008109421345677834, 
        "filter_outliers": true, 
        "fit": "Parabolic", 
        "iterations": 1, 
        "std_devs": 2, 
        "value": 0.045343245891301925
    }, 
    "Ar37": {
        "error": 0.009164161231899422, 
        "filter_outliers": true, 
        "fit": "Linear", 
        "iterations": 1, 
        "std_devs": 2, 
        "value": 0.1694820482518745
    }, 
    "Ar38": {
        "error": 0.00395678756215661, 
        "filter_outliers": true, 
        "fit": "Linear", 
        "iterations": 1, 
        "std_devs": 2, 
        "value": 0.39626220640520626
    }, 
    "Ar39": {
        "error": 0.029633934292552035, 
        "filter_outliers": true, 
        "fit": "Parabolic", 
        "iterations": 1, 
        "std_devs": 2, 
        "value": 34.46700087359928
    }, 
    "Ar40": {
        "error": 0.13599905920266153, 
        "filter_outliers": true, 
        "fit": "Parabolic", 
        "iterations": 1, 
        "std_devs": 2, 
        "value": 2165.9292334618676
    }, 
    "Ar41": {
        "error": 0.009827194729496369, 
        "filter_outliers": true, 
        "fit": "Average", 
        "iterations": 1, 
        "std_devs": 2, 
        "value": -0.13095361375677828
    }, 
    "reviewed": true
}