{
    "Ar36": {
        "error": 0.0004247454998604214, 
        "filter_outliers": true, 
        "fit": "Parabolic", 
        "iterations": 1, 
        "std_devs": 2, 
        "value": 0.005616850357660963
    }, 
    "Ar37": {
        "error": 0.010924445091855582, 
        "filter_outliers": true, 
        "fit": "Linear", 
        "iterations": 1, 
        "std_devs": 2, 
        "value": 0.17807505448515404
    }, 
    "Ar38": {
        "error": 0.0048375769384458875, 
        "filter_outliers": true, 
        "fit": "Linear", 
        "iterations": 1, 
        "std_devs": 2, 
        "value": 0.4735607555912684
    }, 
    "Ar39": {
        "error": 0.027707332969975892, 
        "filter_outliers": true, 
        "fit": "Parabolic", 
        "iterations": 1, 
        "std_devs": 2, 
        "value": 41.71837466660584
    }, 
    "Ar40": {
        "error": 0.16450704254654597, 
        "filter_outliers": true, 
        "fit": "Parabolic", 
        "iterations": 1, 
        "std_devs": 2, 
        "value": 2592.7353513473286
    }, 
    "Ar41": {
        "error": 0.009962139597590952, 
        "filter_outliers": true, 
        "fit": "Average", 
        "iterations": 1, 
        "std_devs": 2, 
        "value": -0.10330945714615934
    }, 
    "reviewed": true
}