{
    "Ar36": {
        "error": 0.0011839698519250561, 
        "fit": "Linear", 
        "value": 0.010242892645534164
    }, 
    "Ar37": {
        "error": 0.048887448372932227, 
        "fit": "linear", 
        "value": 0.13123660294259512
    }, 
    "Ar38": {
        "error": 0.018822689702379321, 
        "fit": "linear", 
        "value": 0.36149996821189301
    }, 
    "Ar39": {
        "error": 0.066032335065130746, 
        "fit": "Linear", 
        "value": 32.282300002684472
    }, 
    "Ar40": {
        "error": 0.42593453430488354, 
        "fit": "Linear", 
        "value": 2011.4932043118797
    }, 
    "Ar41": {
        "error": 0.10234876204836896, 
        "fit": "Average", 
        "value": -0.13142257471577273
    }
}