{
    "Ar36": {
        "error": 0.0004664824141156865, 
        "filter_outliers": true, 
        "fit": "Parabolic", 
        "iterations": 1, 
        "std_devs": 2, 
        "value": 0.007720602853497051
    }, 
    "Ar37": {
        "error": 0.009470418802729653, 
        "filter_outliers": true, 
        "fit": "Linear", 
        "iterations": 1, 
        "std_devs": 2, 
        "value": 0.12510174763231283
    }, 
    "Ar38": {
        "error": 0.004093035153593342, 
        "filter_outliers": true, 
        "fit": "Linear", 
        "iterations": 1, 
        "std_devs": 2, 
        "value": 0.37109956125890986
    }, 
    "Ar39": {
        "error": 0.029017946601215445, 
        "filter_outliers": true, 
        "fit": "Parabolic", 
        "iterations": 1, 
        "std_devs": 2, 
        "value": 32.12787535038853
    }, 
    "Ar40": {
        "error": 0.13899104614665067, 
        "filter_outliers": true, 
        "fit": "Parabolic", 
        "iterations": 1, 
        "std_devs": 2, 
        "value": 2005.4991705268972
    }, 
    "Ar41": {
        "error": 0.006563256892939895, 
        "filter_outliers": true, 
        "fit": "Average", 
        "iterations": 1, 
        "std_devs": 2, 
        "value": -0.10554952089304245
    }, 
    "reviewed": true
}