{
    "Ar36": {
        "error": 0.00078764177294327802, 
        "fit": "Linear", 
        "value": 0.0047276693747784213
    }, 
    "Ar37": {
        "error": 0.049198018995752359, 
        "fit": "linear", 
        "value": 0.08643912066657887
    }, 
    "Ar38": {
        "error": 0.019674802152299369, 
        "fit": "linear", 
        "value": 0.23175925272196118
    }, 
    "Ar39": {
        "error": 0.059179548613426655, 
        "fit": "Linear", 
        "value": 21.149701513007827
    }, 
    "Ar40": {
        "error": 0.35047137924851635, 
        "fit": "Linear", 
        "value": 1326.5987144171181
    }, 
    "Ar41": {
        "error": 0.056381875331196943, 
        "fit": "Average", 
        "value": -0.13490451962540023
    }
}