{
    "Ar36": {
        "error": 0.0028403787780364098, 
        "fit": "Linear", 
        "value": 0.056285568639017416
    }, 
    "Ar37": {
        "error": 0.048380464451042209, 
        "fit": "linear", 
        "value": 0.19080492490190426
    }, 
    "Ar38": {
        "error": 0.018918942936731759, 
        "fit": "linear", 
        "value": 0.4900270292598311
    }, 
    "Ar39": {
        "error": 0.068610580576123445, 
        "fit": "Linear", 
        "value": 41.979075169681181
    }, 
    "Ar40": {
        "error": 0.61153156602437042, 
        "fit": "Linear", 
        "value": 2644.1069358791101
    }, 
    "Ar41": {
        "error": 0.09637649408731612, 
        "fit": "Average", 
        "value": -0.09858425943086932
    }
}