{
    "Ar36": {
        "error": 0.0013621488291463662, 
        "fit": "Linear", 
        "value": 0.013388179081564375
    }, 
    "Ar37": {
        "error": 0.045414540409168563, 
        "fit": "linear", 
        "value": 0.29087602712700744
    }, 
    "Ar38": {
        "error": 0.018328559915494019, 
        "fit": "linear", 
        "value": 0.43593536484847289
    }, 
    "Ar39": {
        "error": 0.062456939236391229, 
        "fit": "Linear", 
        "value": 38.934708971025387
    }, 
    "Ar40": {
        "error": 0.63254664328605592, 
        "fit": "Linear", 
        "value": 2452.8018738299597
    }, 
    "Ar41": {
        "error": 0.089946741946966946, 
        "fit": "Average", 
        "value": -0.12017076820026247
    }
}