{
    "Ar36": {
        "error": 0.0016592003210542286, 
        "fit": "Linear", 
        "value": 0.018209085924467808
    }, 
    "Ar37": {
        "error": 0.045340298048227527, 
        "fit": "linear", 
        "value": 0.058544450049366301
    }, 
    "Ar38": {
        "error": 0.019551972902064611, 
        "fit": "linear", 
        "value": 0.16317684695483187
    }, 
    "Ar39": {
        "error": 0.063312321666276067, 
        "fit": "Linear", 
        "value": 15.793669137081817
    }, 
    "Ar40": {
        "error": 0.31874621327876163, 
        "fit": "Linear", 
        "value": 1008.0261864850256
    }, 
    "Ar41": {
        "error": 0.086493452957079137, 
        "fit": "Average", 
        "value": -0.16822307531105321
    }
}