{
    "Ar36": {
        "error": 0.0012288719317561205, 
        "fit": "Linear", 
        "value": 0.01278424302824393
    }, 
    "Ar37": {
        "error": 0.052661280557256253, 
        "fit": "linear", 
        "value": 0.11874754739648458
    }, 
    "Ar38": {
        "error": 0.018397852276779668, 
        "fit": "linear", 
        "value": 0.32211909028583985
    }, 
    "Ar39": {
        "error": 0.063508630857716103, 
        "fit": "Linear", 
        "value": 29.099027320882072
    }, 
    "Ar40": {
        "error": 0.38297923976542958, 
        "fit": "Linear", 
        "value": 1839.3615322510336
    }, 
    "Ar41": {
        "error": 0.10502383389951787, 
        "fit": "Average", 
        "value": -0.15220632332797698
    }
}