{
    "Ar36": {
        "error": 0.0007062311939478521, 
        "filter_outliers": true, 
        "fit": "Parabolic", 
        "iterations": 1, 
        "std_devs": 2, 
        "value": 0.024303852791755932
    }, 
    "Ar37": {
        "error": 0.010235456757627647, 
        "filter_outliers": true, 
        "fit": "Linear", 
        "iterations": 1, 
        "std_devs": 2, 
        "value": 0.11324345949889593
    }, 
    "Ar38": {
        "error": 0.0049701125235039525, 
        "filter_outliers": true, 
        "fit": "Linear", 
        "iterations": 1, 
        "std_devs": 2, 
        "value": 0.30659573777679366
    }, 
    "Ar39": {
        "error": 0.02793132972500288, 
        "filter_outliers": true, 
        "fit": "Parabolic", 
        "iterations": 1, 
        "std_devs": 2, 
        "value": 27.760603778306972
    }, 
    "Ar40": {
        "error": 0.13545527049837874, 
        "filter_outliers": true, 
        "fit": "Parabolic", 
        "iterations": 1, 
        "std_devs": 2, 
        "value": 1769.7074367463254
    }, 
    "Ar41": {
        "error": 0.009425759106255042, 
        "filter_outliers": true, 
        "fit": "Average", 
        "iterations": 1, 
        "std_devs": 2, 
        "value": -0.14741924495374747
    }, 
    "reviewed": true
}