{
    "Ar36": {
        "error": 0.0008258640110970337, 
        "filter_outliers": true, 
        "fit": "Parabolic", 
        "iterations": 1, 
        "std_devs": 2, 
        "value": 0.02554690502217816
    }, 
    "Ar37": {
        "error": 0.009510737226163106, 
        "filter_outliers": true, 
        "fit": "Linear", 
        "iterations": 1, 
        "std_devs": 2, 
        "value": 0.11891185488396269
    }, 
    "Ar38": {
        "error": 0.004176255161239755, 
        "filter_outliers": true, 
        "fit": "Linear", 
        "iterations": 1, 
        "std_devs": 2, 
        "value": 0.3552028214892812
    }, 
    "Ar39": {
        "error": 0.026361278776039894, 
        "filter_outliers": true, 
        "fit": "Parabolic", 
        "iterations": 1, 
        "std_devs": 2, 
        "value": 29.963544380000904
    }, 
    "Ar40": {
        "error": 0.13196864135262665, 
        "filter_outliers": true, 
        "fit": "Parabolic", 
        "iterations": 1, 
        "std_devs": 2, 
        "value": 1907.2501242160545
    }, 
    "Ar41": {
        "error": 0.007997536584058182, 
        "filter_outliers": true, 
        "fit": "Average", 
        "iterations": 1, 
        "std_devs": 2, 
        "value": -0.14296363908074144
    }, 
    "reviewed": true
}