{
    "Ar36": {
        "error": 0.0006962998709047013, 
        "filter_outliers": true, 
        "fit": "Parabolic", 
        "iterations": 1, 
        "std_devs": 2, 
        "value": 0.02458591183317988
    }, 
    "Ar37": {
        "error": 0.011029539158277006, 
        "filter_outliers": true, 
        "fit": "Linear", 
        "iterations": 1, 
        "std_devs": 2, 
        "value": 0.1349439972840204
    }, 
    "Ar38": {
        "error": 0.0035542670610101273, 
        "filter_outliers": true, 
        "fit": "Linear", 
        "iterations": 1, 
        "std_devs": 2, 
        "value": 0.3222567321130797
    }, 
    "Ar39": {
        "error": 0.02688959264815295, 
        "filter_outliers": true, 
        "fit": "Parabolic", 
        "iterations": 1, 
        "std_devs": 2, 
        "value": 28.653007543868824
    }, 
    "Ar40": {
        "error": 0.1336980896151104, 
        "filter_outliers": true, 
        "fit": "Parabolic", 
        "iterations": 1, 
        "std_devs": 2, 
        "value": 1827.7655521955799
    }, 
    "Ar41": {
        "error": 0.0074974521927657495, 
        "filter_outliers": true, 
        "fit": "Average", 
        "iterations": 1, 
        "std_devs": 2, 
        "value": -0.12976744949050686
    }, 
    "reviewed": true
}