{
    "Ar36": {
        "error": 0.0007125442319318343, 
        "filter_outliers": true, 
        "fit": "Parabolic", 
        "iterations": 1, 
        "std_devs": 2, 
        "value": 0.02539670481390121
    }, 
    "Ar37": {
        "error": 0.009080703623114679, 
        "filter_outliers": true, 
        "fit": "Linear", 
        "iterations": 1, 
        "std_devs": 2, 
        "value": 0.1140910574660173
    }, 
    "Ar38": {
        "error": 0.0036760758048019824, 
        "filter_outliers": true, 
        "fit": "Linear", 
        "iterations": 1, 
        "std_devs": 2, 
        "value": 0.3657020929972412
    }, 
    "Ar39": {
        "error": 0.02960494433632624, 
        "filter_outliers": true, 
        "fit": "Parabolic", 
        "iterations": 1, 
        "std_devs": 2, 
        "value": 31.917554885208318
    }, 
    "Ar40": {
        "error": 0.15088080985408128, 
        "filter_outliers": true, 
        "fit": "Parabolic", 
        "iterations": 1, 
        "std_devs": 2, 
        "value": 2042.8798664373649
    }, 
    "Ar41": {
        "error": 0.007977575059552747, 
        "filter_outliers": true, 
        "fit": "Average", 
        "iterations": 1, 
        "std_devs": 2, 
        "value": 0.13464763765539794
    }, 
    "reviewed": true
}