{
    "Ar36": {
        "error": 0.0005663034885196619, 
        "filter_outliers": true, 
        "fit": "Parabolic", 
        "iterations": 1, 
        "std_devs": 2, 
        "value": 0.014486727997957156
    }, 
    "Ar37": {
        "error": 0.00999947249891847, 
        "filter_outliers": true, 
        "fit": "Linear", 
        "iterations": 1, 
        "std_devs": 2, 
        "value": 0.1324028246971316
    }, 
    "Ar38": {
        "error": 0.0039421490570125655, 
        "filter_outliers": true, 
        "fit": "Linear", 
        "iterations": 1, 
        "std_devs": 2, 
        "value": 0.38725251912211256
    }, 
    "Ar39": {
        "error": 0.027685612302874436, 
        "filter_outliers": true, 
        "fit": "Parabolic", 
        "iterations": 1, 
        "std_devs": 2, 
        "value": 32.94962147866174
    }, 
    "Ar40": {
        "error": 0.14680941332455477, 
        "filter_outliers": true, 
        "fit": "Parabolic", 
        "iterations": 1, 
        "std_devs": 2, 
        "value": 2106.9912726964712
    }, 
    "Ar41": {
        "error": 0.006501198712981994, 
        "filter_outliers": true, 
        "fit": "Average", 
        "iterations": 1, 
        "std_devs": 2, 
        "value": 0.12454675137996674
    }, 
    "reviewed": true
}