{
    "Ar36": {
        "error": 0.0014599922655981164, 
        "fit": "Parabolic", 
        "value": 0.014805196167601706
    }, 
    "Ar37": {
        "error": 0.047918236835636806, 
        "fit": "linear", 
        "value": 0.059731210366009507
    }, 
    "Ar38": {
        "error": 0.020146585991886103, 
        "fit": "linear", 
        "value": 0.11213533486526468
    }, 
    "Ar39": {
        "error": 0.060441761493233555, 
        "fit": "Parabolic", 
        "value": 11.155595683618728
    }, 
    "Ar40": {
        "error": 0.21310579115875308, 
        "fit": "Parabolic", 
        "value": 731.56592006338883
    }, 
    "Ar41": {
        "error": 0.10483989302080926, 
        "fit": "linear", 
        "value": 0.078644689733724779
    }
}