{
    "Ar36": {
        "error": 0.00024789177417508664, 
        "filter_outliers": true, 
        "fit": "Parabolic", 
        "iterations": 1, 
        "std_devs": 2, 
        "value": 0.01801372849437006
    }, 
    "Ar37": {
        "error": 0.004852289599254899, 
        "filter_outliers": true, 
        "fit": "Linear", 
        "iterations": 1, 
        "std_devs": 2, 
        "value": 0.08842452129274062
    }, 
    "Ar38": {
        "error": 0.0019520391262148327, 
        "filter_outliers": true, 
        "fit": "Linear", 
        "iterations": 1, 
        "std_devs": 2, 
        "value": 0.027938342511018628
    }, 
    "Ar39": {
        "error": 0.009252761108345813, 
        "filter_outliers": true, 
        "fit": "Parabolic", 
        "iterations": 1, 
        "std_devs": 2, 
        "value": 4.1893894782868895
    }, 
    "Ar40": {
        "error": 0.022046861335103744, 
        "filter_outliers": true, 
        "fit": "Parabolic", 
        "iterations": 1, 
        "std_devs": 2, 
        "value": 282.0382575696632
    }, 
    "Ar41": {
        "error": 0.004849129977824387, 
        "filter_outliers": true, 
        "fit": "Average", 
        "iterations": 1, 
        "std_devs": 2, 
        "value": -0.18912138369886528
    }, 
    "reviewed": true
}