{
    "Ar36": {
        "error": 0.0010602543182681673, 
        "fit": "Parabolic", 
        "value": 0.007472022738029366
    }, 
    "Ar37": {
        "error": 0.048616909423505619, 
        "fit": "linear", 
        "value": 0.00038032922695460094
    }, 
    "Ar38": {
        "error": 0.020845756366141714, 
        "fit": "linear", 
        "value": 0.035385103558796302
    }, 
    "Ar39": {
        "error": 0.056244612021927889, 
        "fit": "Parabolic", 
        "value": 4.1440709914530673
    }, 
    "Ar40": {
        "error": 0.11911236533190442, 
        "fit": "Parabolic", 
        "value": 282.84203842639425
    }, 
    "Ar41": {
        "error": 0.1105031298977095, 
        "fit": "linear", 
        "value": -0.16706455175942875
    }
}