{
    "Ar36": {
        "error": 0.0012395236236931175, 
        "fit": "Parabolic", 
        "value": 0.010467861512173732
    }, 
    "Ar37": {
        "error": 0.049362490980035381, 
        "fit": "linear", 
        "value": 0.00045494427965377587
    }, 
    "Ar38": {
        "error": 0.020753173642455509, 
        "fit": "linear", 
        "value": 0.051163237100596191
    }, 
    "Ar39": {
        "error": 0.055630737952101571, 
        "fit": "Parabolic", 
        "value": 5.4817062249134274
    }, 
    "Ar40": {
        "error": 0.15231357827142958, 
        "fit": "Parabolic", 
        "value": 372.30127521712325
    }, 
    "Ar41": {
        "error": 0.10002108719484178, 
        "fit": "linear", 
        "value": 0.11274013486000933
    }
}