{
    "Ar36": {
        "error": 0.0011236054245285559, 
        "fit": "Parabolic", 
        "value": 0.0081230195060514997
    }, 
    "Ar37": {
        "error": 0.046755777753754814, 
        "fit": "linear", 
        "value": -0.0019894085265858728
    }, 
    "Ar38": {
        "error": 0.019246129465569105, 
        "fit": "linear", 
        "value": 0.040827269421195668
    }, 
    "Ar39": {
        "error": 0.052566157289917301, 
        "fit": "Parabolic", 
        "value": 4.3734640312854562
    }, 
    "Ar40": {
        "error": 0.14631970661665386, 
        "fit": "Parabolic", 
        "value": 297.51335457241316
    }, 
    "Ar41": {
        "error": 0.10436107545114494, 
        "fit": "linear", 
        "value": -0.1699138406478371
    }
}