{
    "Ar36": {
        "error": 0.0050300210910117354, 
        "fit": "Parabolic", 
        "value": 0.22478637863860129
    }, 
    "Ar37": {
        "error": 0.047269782205437462, 
        "fit": "linear", 
        "value": 0.0078370628517180786
    }, 
    "Ar38": {
        "error": 0.019051815646370075, 
        "fit": "linear", 
        "value": 0.012745813189535191
    }, 
    "Ar39": {
        "error": 0.050895714350123453, 
        "fit": "Parabolic", 
        "value": -0.14652847444915634
    }, 
    "Ar40": {
        "error": 0.069951596101956698, 
        "fit": "Parabolic", 
        "value": 68.628153824033433
    }, 
    "Ar41": {
        "error": 0.10550104494765744, 
        "fit": "linear", 
        "value": -0.19921556957608472
    }
}