{
    "AX": {
        "error": 0.052489193939053075, 
        "fit": "average", 
        "value": -0.1432023276969538
    }, 
    "CDD": {
        "error": 0.00030399859831165455, 
        "fit": "average", 
        "value": 0.0005454500205814838
    }, 
    "H1": {
        "error": 0.09630948503428462, 
        "fit": "average", 
        "value": -0.001441956144398111
    }, 
    "H2": {
        "error": 0.09488495366363413, 
        "fit": "average", 
        "value": 0.04811158120432274
    }, 
    "L1": {
        "error": 0.019360411551649272, 
        "fit": "average", 
        "value": -0.028961418414058113
    }, 
    "L2": {
        "error": 0.05954545759039036, 
        "fit": "average", 
        "value": -0.01704724041688866
    }
}