{
    "AX": {
        "error": 0.04583252625398442, 
        "fit": "average", 
        "value": -0.1375608464767193
    }, 
    "CDD": {
        "error": 0.0001401216583754293, 
        "fit": "average", 
        "value": 0.00016513624383757513
    }, 
    "H1": {
        "error": 0.04312213138723108, 
        "fit": "average", 
        "value": 0.009947185641514105
    }, 
    "H2": {
        "error": 0.10256098106078343, 
        "fit": "average", 
        "value": 0.0481582460924983
    }, 
    "L1": {
        "error": 0.016401108696083324, 
        "fit": "average", 
        "value": -0.03233463972407792
    }, 
    "L2": {
        "error": 0.04154735194466652, 
        "fit": "average", 
        "value": -0.002967621220504644
    }
}