{
    "AX": {
        "error": 0.0566357504597834, 
        "fit": "average", 
        "value": -0.14157938172013082
    }, 
    "CDD": {
        "error": 0.00018820954232785293, 
        "fit": "average", 
        "value": 0.00021517752829822712
    }, 
    "H1": {
        "error": 0.03540231746260196, 
        "fit": "average", 
        "value": 0.012448863393289903
    }, 
    "H2": {
        "error": 0.10118843578317631, 
        "fit": "average", 
        "value": 0.08190767556886401
    }, 
    "L1": {
        "error": 0.01601952195325825, 
        "fit": "average", 
        "value": -0.02978019425318691
    }, 
    "L2": {
        "error": 0.05166508816243144, 
        "fit": "average", 
        "value": -0.015263089937308967
    }
}