{
    "AX": {
        "error": 0.05076818882924768, 
        "fit": "average", 
        "value": -0.15130174571746274
    }, 
    "CDD": {
        "error": 0.00019313448613303666, 
        "fit": "average", 
        "value": 0.0002777291352686007
    }, 
    "H1": {
        "error": 0.04592668748731048, 
        "fit": "average", 
        "value": 0.0012442359911163518
    }, 
    "H2": {
        "error": 0.11092067736043432, 
        "fit": "average", 
        "value": 0.027570214114641233
    }, 
    "L1": {
        "error": 0.01813747820325909, 
        "fit": "average", 
        "value": -0.030719478614628315
    }, 
    "L2": {
        "error": 0.043471434526535624, 
        "fit": "average", 
        "value": -0.007834718737864168
    }
}