{
    "AX": {
        "error": 0.053086603613049635, 
        "fit": "average", 
        "value": -0.15073320496890505
    }, 
    "CDD": {
        "error": 0.00016622370049614268, 
        "fit": "average", 
        "value": 0.00017514450058418637
    }, 
    "H1": {
        "error": 0.035053157575412525, 
        "fit": "average", 
        "value": -0.016551341319427593
    }, 
    "H2": {
        "error": 0.17090222324457624, 
        "fit": "average", 
        "value": -0.08895451784262369
    }, 
    "L1": {
        "error": 0.022339340744831036, 
        "fit": "average", 
        "value": -0.030838154300739516
    }, 
    "L2": {
        "error": 0.042555605164037946, 
        "fit": "average", 
        "value": -0.011604538820643813
    }
}