{
    "AX": {
        "error": 0.05484514810099106, 
        "fit": "average", 
        "value": -0.155963284927502
    }, 
    "CDD": {
        "error": 5.8579069612468035e-05, 
        "fit": "average", 
        "value": 2.7522707387106494e-05
    }, 
    "H1": {
        "error": 0.03533127747589807, 
        "fit": "average", 
        "value": -0.021676694520386983
    }, 
    "H2": {
        "error": 0.11735339168605198, 
        "fit": "average", 
        "value": -0.1972259838527454
    }, 
    "L1": {
        "error": 0.01830563045750779, 
        "fit": "average", 
        "value": -0.03143285861696606
    }, 
    "L2": {
        "error": 0.049648478157183845, 
        "fit": "average", 
        "value": -0.004296207493411955
    }
}