{
    "AX": {
        "error": 0.06261362749671613, 
        "fit": "average", 
        "value": -0.15607065978949353
    }, 
    "CDD": {
        "error": 0.00026755218862595145, 
        "fit": "average", 
        "value": 0.00031526010134257375
    }, 
    "H1": {
        "error": 0.05116921636325056, 
        "fit": "average", 
        "value": 0.025728559170342384
    }, 
    "H2": {
        "error": 0.09773358752632816, 
        "fit": "average", 
        "value": -0.21601730435421423
    }, 
    "L1": {
        "error": 0.016962563205889857, 
        "fit": "average", 
        "value": -0.02678076501960229
    }, 
    "L2": {
        "error": 0.04645925129329585, 
        "fit": "average", 
        "value": -0.007376843535517952
    }
}