{
    "AX": {
        "error": 0.051351287922475175, 
        "fit": "average", 
        "value": -0.1444695048491683
    }, 
    "CDD": {
        "error": 0.00013955256412481683, 
        "fit": "average", 
        "value": 0.0001476217934396118
    }, 
    "H1": {
        "error": 0.04597738904779436, 
        "fit": "average", 
        "value": 0.004993789135927759
    }, 
    "H2": {
        "error": 0.08399671262449764, 
        "fit": "average", 
        "value": -0.23592851024919323
    }, 
    "L1": {
        "error": 0.021195600510965883, 
        "fit": "average", 
        "value": -0.03382384421287529
    }, 
    "L2": {
        "error": 0.04190357033431747, 
        "fit": "average", 
        "value": 0.0037237873153859063
    }
}