{
    "AX": {
        "error": 0.06221150771836486, 
        "fit": "average", 
        "value": -0.1341566047867981
    }, 
    "CDD": {
        "error": 0.000205851834249181, 
        "fit": "average", 
        "value": 0.0002301899148733355
    }, 
    "H1": {
        "error": 0.041917618734169465, 
        "fit": "average", 
        "value": 0.02036242170479933
    }, 
    "H2": {
        "error": 0.10886669121789944, 
        "fit": "average", 
        "value": -0.2074426342713473
    }, 
    "L1": {
        "error": 0.015538193991192804, 
        "fit": "average", 
        "value": -0.02695244773250602
    }, 
    "L2": {
        "error": 0.04473464553449455, 
        "fit": "average", 
        "value": -0.004723247526271734
    }
}