{
    "AX": {
        "error": 0.042055672935618175, 
        "fit": "average", 
        "value": -0.15643125286857998
    }, 
    "CDD": {
        "error": 0.00015989869928287516, 
        "fit": "average", 
        "value": 0.00017014037124075306
    }, 
    "H1": {
        "error": 0.0366856606596392, 
        "fit": "average", 
        "value": 0.014853074151625182
    }, 
    "H2": {
        "error": 0.11563388670566276, 
        "fit": "average", 
        "value": -0.21138525678444717
    }, 
    "L1": {
        "error": 0.016958653079584843, 
        "fit": "average", 
        "value": -0.034932780786205014
    }, 
    "L2": {
        "error": 0.04281440376115141, 
        "fit": "average", 
        "value": -0.013183040839513731
    }
}