{
    "AX": {
        "error": 0.04316221343343823, 
        "fit": "average", 
        "value": -0.13968901106688594
    }, 
    "CDD": {
        "error": 0.00018514014749177336, 
        "fit": "average", 
        "value": 0.0001901568852190394
    }, 
    "H1": {
        "error": 0.03268300875351211, 
        "fit": "average", 
        "value": 0.011056099765578677
    }, 
    "H2": {
        "error": 0.10417481335283872, 
        "fit": "average", 
        "value": -0.19258051346345195
    }, 
    "L1": {
        "error": 0.02183360031411052, 
        "fit": "average", 
        "value": -0.02898583827506735
    }, 
    "L2": {
        "error": 0.03569143163592442, 
        "fit": "average", 
        "value": -0.010885999807087182
    }
}