{
    "AX": {
        "error": 0.043035717213337966, 
        "fit": "average", 
        "value": -0.1417794785086523
    }, 
    "CDD": {
        "error": 0.0002620221611706309, 
        "fit": "average", 
        "value": 0.00029023945705072645
    }, 
    "H1": {
        "error": 0.04393594260960528, 
        "fit": "average", 
        "value": 0.014618669836700224
    }, 
    "H2": {
        "error": 0.09458130819810882, 
        "fit": "average", 
        "value": -0.22567130710210717
    }, 
    "L1": {
        "error": 0.018314282669541077, 
        "fit": "average", 
        "value": -0.021681299584247825
    }, 
    "L2": {
        "error": 0.03428036751074317, 
        "fit": "average", 
        "value": -0.012858327509380424
    }
}