{
    "AX": {
        "error": 0.044497602815160645, 
        "fit": "average", 
        "value": -0.15924672228486642
    }, 
    "CDD": {
        "error": 0.0001331357911098609, 
        "fit": "average", 
        "value": 0.0001338604398673245
    }, 
    "H1": {
        "error": 0.048761752569592476, 
        "fit": "average", 
        "value": -0.007408448984916371
    }, 
    "H2": {
        "error": 0.08618963320747149, 
        "fit": "average", 
        "value": 0.07424539895401451
    }, 
    "L1": {
        "error": 0.01635511074873453, 
        "fit": "average", 
        "value": -0.02660687406179412
    }, 
    "L2": {
        "error": 0.037604883966257587, 
        "fit": "average", 
        "value": -0.0024217898659696555
    }
}