{
    "AX": {
        "error": 0.04431037605565315, 
        "fit": "average", 
        "value": -0.15499082388910088
    }, 
    "CDD": {
        "error": 5.7239955699107125e-05, 
        "fit": "average", 
        "value": 2.2518578771268948e-05
    }, 
    "H1": {
        "error": 0.030633576896241355, 
        "fit": "average", 
        "value": -0.02537378687329129
    }, 
    "H2": {
        "error": 0.09706299286888205, 
        "fit": "average", 
        "value": 0.06120271632907319
    }, 
    "L1": {
        "error": 0.01986928670672394, 
        "fit": "average", 
        "value": -0.028894906352496915
    }, 
    "L2": {
        "error": 0.04276075893598207, 
        "fit": "average", 
        "value": -0.00965358293514051
    }
}