{
    "AX": {
        "error": 0.050026952229347596, 
        "fit": "average", 
        "value": -0.15034217795292878
    }, 
    "CDD": {
        "error": 0.00016381782853995902, 
        "fit": "average", 
        "value": 0.00014261766567263596
    }, 
    "H1": {
        "error": 0.037051105526511474, 
        "fit": "average", 
        "value": -0.005848937332302739
    }, 
    "H2": {
        "error": 0.08563873089242581, 
        "fit": "average", 
        "value": -0.20231473900015112
    }, 
    "L1": {
        "error": 0.018088707652495782, 
        "fit": "average", 
        "value": -0.024733506573933743
    }, 
    "L2": {
        "error": 0.051250344666634785, 
        "fit": "average", 
        "value": -0.010577425717954236
    }
}