{
    "AX": {
        "error": 0.04932012703768765, 
        "fit": "average", 
        "value": -0.21164665325828222
    }, 
    "CDD": {
        "error": 0.00010776928772710316, 
        "fit": "average", 
        "value": 8.632121838066571e-05
    }, 
    "H1": {
        "error": 0.0347405597698545, 
        "fit": "average", 
        "value": -0.032151884954334395
    }, 
    "H2": {
        "error": 0.09230704207096843, 
        "fit": "average", 
        "value": -0.174726910268267
    }, 
    "L1": {
        "error": 0.017674418128339305, 
        "fit": "average", 
        "value": -0.014867983906521675
    }, 
    "L2": {
        "error": 0.04667910141622934, 
        "fit": "average", 
        "value": -0.02450792934316018
    }
}